"Record ID","Name","Contract Writing Date","Market","Developer","Micro Market","Storeys","Total Units","Product Type","Construction Material","Project pipeline stage"
"12035974017","Emerald Place","2026-09-01","Burnaby North","Polygon","Brentwood","42.0","1253.0","Highrise (15+)","Concrete","Approved/Upcoming"
"3951017563","Coronation Heights","2026-09-01","Coquitlam","Polygon","Coquitlam Centre","50.0","2050.0","Highrise (15+)","Concrete","Approved/Upcoming"
"34614265707","The New Village Ph.1 (Parcel F)","2026-10-01","Vancouver West","MST & Aquilini Group","Cambie Corridor","25.0","608.0","Highrise (15+)","Concrete","Approved/Upcoming"
"28480148663","5392-5472 Manson St","2026-10-01","Vancouver West","Peterson","Oakridge","18.0","276.0","Highrise (15+)","Concrete","Approved/Upcoming"
"12282794315","6470-6508 Silver Ave","2026-10-01","Burnaby South","Openform & Alabaster","Metrotown","35.0","358.0","Highrise (15+)","Concrete","Approved/Upcoming"
"6337024294","Olo","2026-10-01","Coquitlam","Rize Alliance","West Coquitlam","38.0","364.0","Highrise (15+)","Concrete","Approved/Upcoming"
"3951109291","Telford","2026-10-01","Burnaby South","Westland","Metrotown","50.0","408.0","Highrise (15+)","Concrete","In Planning"
"3950773880","Emerald Gardens","2026-10-01","Surrey","Allure Ventures","Surrey City Centre","40.0","995.0","Highrise (15+)","Concrete","Approved/Upcoming"
"3951109269","Piano","2026-10-01","Surrey","Concord Pacific","Surrey City Centre","40.0","1014.0","Highrise (15+)","Concrete","Approved/Upcoming"
"5495991479","Janda Tower","2026-10-03","Surrey","Janda Group","Surrey City Centre","36.0","332.0","Highrise (15+)","Concrete","Approved/Upcoming"
"5182969691","Solstice","2026-10-03","Coquitlam","Ledingham McAllister","South Coquitlam","29.0","408.0","Highrise (15+)","Concrete","Approved/Upcoming"
"3951017546","Kadence","2026-10-10","Coquitlam","Ledingham Mcallister","Coquitlam Centre","25.0","136.0","Highrise (15+)","Concrete","Approved/Upcoming"
"5765744410","SOCO Three","2026-10-18","Coquitlam","Anthem","South Coquitlam","38.0","348.0","Highrise (15+)","Concrete","Approved/Upcoming"
"3952776869","Mayfair West (Phase 1)","2026-10-25","Vancouver West","Grosvenor & Transca","Oak Street Corridor","23.0","1149.0","Highrise (15+)","Concrete","Approved/Upcoming"
"34614203730","The New Village Ph.1 (Parcel B)","2026-11-01","Vancouver West","MST & Aquilini Group","Cambie Corridor","24.0","410.0","Highrise (15+)","Concrete","Approved/Upcoming"
"44997005677","325 E 6 Ave","2027-01-01","Vancouver East","Wall Financial","Mt Pleasant","20.0","109.0","Highrise (15+)","Concrete","In Planning"
"44996820615","3571 Sawmill Crescent, Vancouver","2027-01-01","Vancouver East","Wesgroup","","18.0","185.0","Highrise (15+)","Concrete","Approved/Upcoming"
"42150812270","Concord Metrotown (Phase 2)","2027-01-01","Burnaby South","Concord Pacific","Metrotown","60.0","1145.0","Highrise (15+)","Concrete","In Planning"
"42150750635","6958, 6984 Kingsway, Burnaby (Highgate Tower)","2027-01-01","Burnaby (Other)","OpenForm Properties","Edmonds","40.0","359.0","Highrise (15+)","Concrete","In Planning"
"42150750619","7465 Griffiths Dive (Edmonds Tower), Burnaby","2027-01-01","Burnaby (Other)","Squarenine Development","Edmonds","21.0","108.0","Highrise (15+)","Concrete","In Planning"
"42146029731","3846 Carrigan Court, Burnaby","2027-01-01","Burnaby (Other)","Pinnacle International","North Rd Corridor","33.0","354.0","Highrise (15+)","Concrete","In Planning"
"42150811695","City of Lougheed (Tower 6)","2027-01-01","Burnaby (Other)","Shape Properties","North Rd Corridor","46.0","809.0","Highrise (15+)","Concrete","In Planning"
"42150502446","Kwasen Village (Future Phases)","2027-01-01","Burnaby (Other)","Aquilini Development","BCIT","20.0","4069.0","Highrise (15+)","Concrete","In Planning"
"42145534821","2300 Madison Ave, Burnaby","2027-01-01","Burnaby North","polygon","Brentwood","42.0","1253.0","Highrise (15+)","Concrete","In Planning"
"42145596461","Gilmore Place (Tower 5)","2027-01-01","Burnaby North","Onni","Brentwood","50.0","532.0","Highrise (15+)","Concrete","In Planning"
"14925931572","6958-6984 Kingsway, Burnaby","2027-02-01","Burnaby South","OpenForm","Edmonds","40.0","359.0","Highrise (15+)","Concrete","Approved/Upcoming"
"24284861222","488 W 43rd Ave, Vancouver (""C43"")","2027-03-01","Vancouver West","Peterson","Cambie Corridor","29.0","176.0","Highrise (15+)","Concrete","Approved/Upcoming"
"22882481449","541 Clarke Rd, Vancouver","2027-03-01","Coquitlam"," -","West Coquitlam","17.0","154.0","Highrise (15+)","Concrete","In Planning"
"12281060509","19653-19665 Willowbrook Dr, Langley","2027-03-01","Langley"," -","Langley City","","2600.0","Highrise (15+)","Concrete","In Planning"
"3949891372","The Passages","2027-03-01","Surrey","Rize Alliance","Surrey City Centre","23.0","1126.0","Highrise (15+)","Concrete","Approved/Upcoming"
"3950820874","Whitgift Gardens (Phase 1)","2027-03-01","Coquitlam","Concert Properties","West Coquitlam","30.0","275.0","Highrise (15+)","Concrete","Approved/Upcoming"
"3951183964","837 Lougheed Hwy, Coquitlam (""Horizon21"")","2027-03-01","Coquitlam","Centred Development","Maillardville","21.0","151.0","Highrise (15+)","Concrete","In Planning"
"3950773886","Koi","2027-03-01","Burnaby South","Kingborn Properties","Metrotown","31.0","261.0","Highrise (15+)","Concrete","Approved/Upcoming"
"3950960996","Centra","2027-03-01","Surrey","Everest Group","Surrey City Centre","24.0","167.0","Highrise (15+)","Concrete","Approved/Upcoming"
"34276282137","1145 Inlet St, Coquitlam (""Stratford Wynd"") - Highrise","2027-04-01","Coquitlam","Ledingham McAllister","Coquitlam Centre","29.0","337.0","Highrise (15+)","Concrete","Approved/Upcoming"
"31424253479","Seylynn Centre","2027-04-01","North Vancouver","Denna Homes","Lynnmour/Maplewood","34.0","338.0","Highrise (15+)","Concrete","Approved/Upcoming"
"13616592298","TriCity Central (Phase 1)","2027-04-01","Coquitlam","Marcon","Coquitlam Centre","","513.0","Highrise (15+)","Concrete","Approved/Upcoming"
"13230649724","One20","2027-04-01","North Vancouver","Three Shores","Lonsdale","21.0","164.0","Highrise (15+)","Concrete","Approved/Upcoming"
"12893544224","Concord Brentwood (Phase 3)","2027-04-01","Burnaby North","Concord Pacific Developments","Brentwood","","1750.0","Highrise (15+)","Concrete","Approved/Upcoming"
"12124213365","BridgeCity","2027-04-01","Surrey","Oviedo","Surrey Gateway","34.0","967.0","Highrise (15+)","Concrete","Approved/Upcoming"
"8799269949","Burnaby Lake ""Blake"" Village (Phase 1A)","2027-04-01","Burnaby North","Peterson Real Estate","Bainbridge","16.0","443.0","Highrise (15+)","Concrete","Approved/Upcoming"
"3949930301","282 West 49th Ave, Vancouver  (YMCA)","2027-04-01","Vancouver West","Townline & YMCA & MCC","Cambie Corridor","37.0","269.0","Highrise (15+)","Concrete","Approved/Upcoming"
"3951109277","13588 98 Ave, Surrey (""Avani Centre"")","2027-04-01","Surrey","Avani Investment Group","Surrey City Centre","34.0","297.0","Highrise (15+)","Concrete","Approved/Upcoming"
"3950690997","Core","2027-04-01","Surrey","Westland","Surrey City Centre","50.0","429.0","Highrise (15+)","Concrete","Approved/Upcoming"
"3951183974","Halifax & Willingdon","2027-04-01","Burnaby North","Bosa Development","Brentwood","60.0","472.0","Highrise (15+)","Concrete","Approved/Upcoming"
"3951086890","Impressions","2027-04-01","Burnaby (Other)","Onni Group","North Rd Corridor","36.0","540.0","Highrise (15+)","Concrete","Approved/Upcoming"
"12406144104","1551 W 7th Ave, Vancouver","2027-04-03","Vancouver West","Canderel","Fairview","22.0","122.0","Highrise (15+)","Concrete","In Planning"
"22538455863","4900-4940 Kingsway, Burnaby (McCarthy Plaza)","2027-05-01","Burnaby South","WPJ McCarthy","Metrotown","72.0","169.0","Highrise (15+)","Concrete","In Planning"
"13616592451","Westbury","2027-05-01","Coquitlam","Ledingham Mcallister","Coquitlam Centre","25.0","205.0","Highrise (15+)","Concrete","Approved/Upcoming"
"12120365173","10054-10088 Whalley Blvd & 10073 137A Street, Surrey","2027-05-01","Surrey","Tangerine Developments","Surrey City Centre","38.0","443.0","Highrise (15+)","Concrete","In Planning"
"726092074","Bristol Estates","2027-05-01","Surrey","Bosa Properties","Surrey City Centre","53.0","2730.0","Highrise (15+)","Concrete","In Planning"
"42150749704","Gilmore Place (Tower 6)","2027-06-01","Burnaby North","Onni","Brentwood","45.0","480.0","Highrise (15+)","Concrete","In Planning"
"31023499347","Burquitlam Park District (Phase 2)","2027-06-01","Coquitlam","Intergulf","West Coquitlam","40.0","512.0","Highrise (15+)","Concrete","Approved/Upcoming"
"27591873413","13748 & 13774 104 Ave, Surrey","2027-06-01","Surrey","Echo Properties","Surrey City Centre","36.0","1141.0","Highrise (15+)","Concrete","Approved/Upcoming"
"23207311017","5502 Lougheed Hwy, Burnaby","2027-06-01","Burnaby North","Keltic","Brentwood","55.0","1190.0","Highrise (15+)","Concrete","In Planning"
"13963182423","6042 84 Ave & 8352-8390 160 St, Surrey","2027-06-01","Surrey","Platinum Group","Fleetwood","30.0","529.0","Highrise (15+)","Concrete","Approved/Upcoming"
"5526028838","605-615 Claremont St & 602-610 Tyndall St, Coquitlam","2027-06-01","Coquitlam","Qualico","West Coquitlam","28.0","339.0","Highrise (15+)","Concrete","Approved/Upcoming"
"3950789774","District Northwest","2027-06-01","Surrey","Kingsett Capital","Surrey City Centre","45.0","1023.0","Highrise (15+)","Concrete","Approved/Upcoming"
"3950820899","Willingdon Lands","2027-06-01","Burnaby North","Musqueam First Nations / Aquilini Group","BCIT","","2000.0","Highrise (15+)","Concrete","Approved/Upcoming"
"3950937762","404-434 W 23rd Ave, Vancouver","2027-06-01","Vancouver West","Glenhouse Properties","Cambie Corridor","19.0","32.0","Highrise (15+)","Concrete","Approved/Upcoming"
"29030087511","Elysée","2027-07-01","Vancouver West","Polygon","Cambie Corridor","27.0","172.0","Highrise (15+)","Concrete","In Planning"
"19435032451","2120-2150 W 10th Ave, Vancouver","2027-07-01","Vancouver West","Bastion","Arbutus Corridor","20.0","86.0","Highrise (15+)","Concrete","In Planning"
"37140938862","7201 11th Ave, Burnaby (""Ovation"")","2027-08-01","Burnaby South","Ledingham McAllister","Edmonds","50.0","462.0","Highrise (15+)","Concrete","In Planning"
"36763367715","8427-8483 Cambie St, Vancouver","2027-08-01","Vancouver West","Forme Development","Marine Gateway","37.0","330.0","Highrise (15+)","Concrete","Approved/Upcoming"
"13641465865","Buchanen West (Future Phases)","2027-08-01","Burnaby North","First Capital Realty","Brentwood","50.0","2512.0","Highrise (15+)","Concrete","In Planning"
"11902238044","80-85 Electronic Ave, Port Moody","2027-09-01","Port Moody","Beedie","St. Johns","38.0","1020.0","Highrise (15+)","Concrete","In Planning"
"7759220751","Metro21","2027-09-01","Burnaby South","Shokai","Metrotown","22.0","132.0","Highrise (15+)","Concrete","Approved/Upcoming"
"5765744513","Georgetown Three","2027-09-01","Surrey","Anthem","Surrey City Centre","39.0","455.0","Highrise (15+)","Concrete","Approved/Upcoming"
"3951133232","6366 Cassie Ave & 6433 McKay Ave, Burnaby","2027-09-01","Burnaby South","Belford Properties","Metrotown","31.0","274.0","Highrise (15+)","Concrete","Approved/Upcoming"
"46463825222","14010-14054 104 Ave, Surrey","2027-10-01","Surrey","Genaris Properties","Surrey City Centre","25.0","305.0","Highrise (15+)","Concrete","In Planning"
"42470903874","1795 W Broadway, Vancouver","2027-10-01","Vancouver West","Concord Pacific","Fairview","30.0","239.0","Highrise (15+)","Concrete","In Planning"
"42470965763","1368-1398 W Broadway, Vancouver","2027-10-01","Vancouver West","Concord Pacific","Fairview","35.0","172.0","Highrise (15+)","Concrete","In Planning"
"37140938827","1026 Brunette Ave, Coquitlam (Mackin Parkside)","2027-10-01","Coquitlam","Century Group","Maillardville","31.0","1412.0","Highrise (15+)","Concrete","In Planning"
"22325823806","The Marquis","2027-10-01","Surrey","Weststone + Hayer Builders Group","Surrey City Centre","37.0","567.0","Highrise (15+)","Concrete","In Planning"
"16087441465","439 & 465 North Rd, Coquitlam","2027-10-01","Coquitlam","Wesgroup","South Coquitlam","36.0","1800.0","Highrise (15+)","Concrete","Approved/Upcoming"
"13520809079","5777 Willingdon Ave & 4475 Grange St, Burnaby","2027-10-01","Burnaby South","Intergulf","Metrotown","","","Highrise (15+)","Concrete","In Planning"
"12268053626","10348 King George Blvd, Surrey","2027-10-01","Surrey","Oviedo Development","Surrey City Centre","65.0","1540.0","Highrise (15+)","Concrete","In Planning"
"9892662689","4141 Lougheed Hwy, Burnaby","2027-10-01","Burnaby North","Millennium Development","Brentwood","62.0","488.0","Highrise (15+)","Concrete","In Planning"
"8994366867","Langara Gardens","2027-10-01","Vancouver West","Peterson & Concert","Cambie Corridor","","1430.0","Highrise (15+)","Concrete","In Planning"
"3950974588","Innovation Village","2027-10-01","Surrey","Weststone Group","Surrey City Centre","37.0","586.0","Highrise (15+)","Concrete","Approved/Upcoming"
"3950850577","Neon","2027-10-01","Surrey","Weststone Group","Surrey City Centre","","1200.0","Highrise (15+)","Concrete","Approved/Upcoming"
"3950850576","Orion","2027-10-01","Surrey","Bucci Developments","Fleetwood","42.0","1037.0","Highrise (15+)","Concrete","Approved/Upcoming"
"33686866208","1745 West 8th Ave, Vancouver","2027-11-01","Vancouver West","Amacon","Fairview","31.0","441.0","Highrise (15+)","Concrete","In Planning"
"33685617768","375 East 1st Ave, Vancouver (Condo)","2027-11-01","Vancouver East","Onni Group","Mt Pleasant","40.0","639.0","Highrise (15+)","Concrete","In Planning"
"19620515441","The New Village (Future Phases)","2027-11-01","Vancouver West","MST & Aquilini Group","Cambie Corridor","25.0","654.0","Highrise (15+)","CON+WF (Mixed Use)","Approved/Upcoming"
"28546944608","7109 18th Ave and 7358 & 7376 18th Street, Burnaby","2028-03-01","Burnaby South","Square Nine Developments","Edmonds","30.0","148.0","Highrise (15+)","Concrete","Approved/Upcoming"
"3951109285","Westport Village (Phase 1)","2028-03-01","Port Moody","Urbanics Consultants","St. Johns","31.0","263.0","Highrise (15+)","Concrete","Approved/Upcoming"
"13759166768","552 Clarke Rd, Coquitlam (""Burquitlam Plaza"")","2028-04-01","Coquitlam","Morguard","West Coquitlam","29.0","1100.0","Highrise (15+)","Concrete","In Planning"
"4694296406","9850 Austin Rd & 9858/9898 Gatineau Pl, Burnaby","2028-04-01","Burnaby (Other)","Pinnacle International","North Rd Corridor","80.0","1466.0","Highrise (15+)","Concrete","Approved/Upcoming"
"6532540430","4444-4488 Kingsway, Burnaby","2028-05-01","Burnaby South","Keltic Canada","Metrotown","","500.0","Highrise (15+)","Concrete","In Planning"
"4503482292","Civic District","2028-05-01","Surrey","Wesgroup","Surrey City Centre","65.0","1702.0","Highrise (15+)","Concrete","Approved/Upcoming"
"3949891382","Vivere","2028-05-06","Surrey","Solterra Developments","Guildford","20.0","175.0","Highrise (15+)","Concrete","Approved/Upcoming"
"43325566374","13532-13576 King George Blvd & 13483 108th Ave, Surrey","2028-06-01","Surrey","Candou Management","Surrey City Centre","52.0","879.0","Highrise (15+)","Concrete","In Planning"
"28720623748","10310 152 St, Surrey (Guildford Plaza)","2028-06-01","Surrey","Cenyard Properties","Guildford","30.0","1000.0","Highrise (15+)","Concrete","In Planning"
"23955270559","South Yards (Tower D)","2028-06-01","Burnaby North","Integra Architecture","Brentwood","45.0","450.0","Highrise (15+)","Concrete","Approved/Upcoming"
"3950937746","4330 Maywood St, Burnaby","2028-06-01","Burnaby South","Kirpal Group","Metrotown","24.0","91.0","Highrise (15+)","Concrete","In Planning"
"13641485729","648-680 E Broadway & 2505 Fraser St, Vancouver","2028-09-01","Vancouver East","Wall Financial","Main/Fraser Corridor","18.0","113.0","Highrise (15+)","Concrete","In Planning"
"8158531434","4001-4009 Knight St and 1348 E 24th Ave, Vancouver","2028-09-01","Vancouver East","Conwest","Kingsway Corridor","24.0","233.0","Highrise (15+)","Concrete","In Planning"
"47132196266","2209 and 2225 Springer Avenue, Burnaby","2028-10-01","Burnaby North","Millennium Developments","Brentwood","49.0","387.0","Highrise (15+)","Concrete","In Planning"
"46326014770","1743 Burrard St, Vancouver","2028-10-01","Vancouver West","Suncor Energy","Kitsilano","17.0","107.0","Highrise (15+)","Concrete","In Planning"
"20421645599","2755 Lougheed Highway, Port Coquitlam","2028-11-01","Port Coquitlam","Wesbild","Central Poco","45.0","2000.0","Highrise (15+)","Concrete","In Planning"
"34297921571","1550 Burrard Street, Vancouver (""Quantum Park"")","2029-10-01","Vancouver West","Concord Pacific","Kitsilano","25.0","3000.0","Highrise (15+)","Concrete","In Planning"
"3951183969","10227 King George Blvd, Surrey","2031-06-01","Surrey","Cenyard Properties","Surrey City Centre","67.0","785.0","Highrise (15+)","Concrete","Approved/Upcoming"
